{
    "default": "pagarme",
    "getnet": {
        "client_id": "0c6ebbdd-f779-419d-95b1-2c383eaca076",
        "client_secret": "2afaeeda-cd64-4d7d-bb13-38603f515cfa",
        "seller_id": "768c7301-83ff-4170-a0ae-f22f751ed8ad"
    },
    "cielo": {
        "cieloMerchantId": "1b844e2c-5eb5-4ea0-b5b8-09a3e286e722",
        "cieloMerchantKey": "RIbxhYoPLugG5vsFnf9enYiXRek6JBw8qcNJv9my"
    },
    "pagarme": {
        "api_key": "ak_live_6uwM692SdZXV8rKsA6rKjGP0mBoCck"
    },
    "erede": {
        "pv": "",
        "token": ""
    }
}

